idx,psnr,ssim,lpips,uciqe,uiqm,input_psnr,input_ssim,input_lpips,input_uciqe,input_uiqm,score
0,22.64467244828908,0.9021549788566675,0.15243931114673615,28.68741226196289,9.651114339543778,21.87246918875544,0.9285789483237262,0.15670272707939148,29.198726654052734,7.011206849270101,2.782672907519187
1,16.606520842704136,0.7885426849659506,0.5188614726066589,22.59724998474121,5.181810071425956,17.398677019125497,0.8379483312336369,0.1341009885072708,16.432632446289062,3.8896994326241234,-2.6875981136761284
2,18.97708582464241,0.6359541180462814,0.29705923795700073,24.67418670654297,8.683514099360394,13.520307960663931,0.4910138630306149,0.2643801271915436,13.336640357971191,3.865510185333857,-1.5181192764347915
3,18.408535992880076,0.690349410022362,0.35406166315078735,22.369565963745117,6.79233369213991,16.977764392114416,0.7590795789375132,0.20154517889022827,22.79475975036621,3.8151041786280766,-1.6847940548942677
4,19.75197004623649,0.9005474105523597,0.10272787511348724,25.61234474182129,11.243479178515594,19.16988957911271,0.8309199459577786,0.16498908400535583,23.259796142578125,6.846068820979546,2.3691442023752485
5,21.35218476177927,0.911302815396096,0.14158010482788086,26.6934757232666,10.485659613851517,11.04177958386819,0.4952147503851528,0.22143733501434326,24.206703186035156,13.102813642270627,2.5879484436281714
6,14.539040736138414,0.7484292048249022,0.25296175479888916,15.47590160369873,6.646399114913708,12.76138465443363,0.5917917506003866,0.3903273642063141,16.34833335876465,4.544703779170385,-1.4776050124858011
7,15.740552928001584,0.46642723453702645,0.6490440964698792,27.365947723388672,7.092945626978634,20.57953132974486,0.8643529679680874,0.11650096625089645,28.87040138244629,3.9614528832409768,-6.557908529964941
8,18.070646330405943,0.8663281172529981,0.2874469459056854,23.434457778930664,5.466366612359428,14.184085049468624,0.7499840979224103,0.21725055575370789,15.833582878112793,3.031274539302654,0.17159338174132888
9,21.75960994684321,0.9378614682479172,0.05850458890199661,24.33421516418457,5.228721830134813,19.117578700849645,0.9217085393876511,0.12184533476829529,28.939241409301758,6.691392211779192,3.5709167818330885
10,17.84332181147249,0.6434016424238614,0.36104828119277954,16.508466720581055,3.0098785799593353,14.918172766698818,0.49743163705656807,0.4742252230644226,9.35400104522705,1.9892342634210665,-2.2745589439276537
11,17.43031056822336,0.8227393312725496,0.3461642563343048,23.572080612182617,4.676213903933479,13.79093210634226,0.5642397035947054,0.23325508832931519,15.499676704406738,2.6971223210183597,-0.8204331203396452
12,18.00054647604121,0.9146600352394771,0.1438068449497223,24.41086769104004,6.000573410656286,9.641009678075656,0.6378336842425969,0.337363064289093,24.823772430419922,3.323251810761591,1.6782303512299035
13,17.285994721727562,0.7737617857257112,0.15150877833366394,22.156543731689453,9.860453798917836,15.789578826491994,0.5930386104027529,0.39910316467285156,17.422758102416992,5.019156251903171,0.2823506801679126
14,17.589367289539524,0.8338631642591992,0.18326033651828766,20.577795028686523,5.927470530672169,14.311969923208673,0.5022093644025354,0.36585938930511475,11.4931058883667,2.7461421126589975,0.6004983300287067
15,11.317368272912523,0.7371119507367497,0.12583179771900177,16.887224197387695,11.485228552101892,17.5363411133607,0.820385605107238,0.21640002727508545,17.62171173095703,4.943215392534789,-1.4480395417773255
16,21.743997202059013,0.8341039382134735,0.13519564270973206,24.56560516357422,7.379789039901313,18.054753105246434,0.7122330002649099,0.13021279871463776,25.386157989501953,6.872049605873454,2.121784643957425
17,18.188619277463463,0.9059106622074244,0.2117922157049179,26.19437599182129,4.461718879680946,15.255169949845747,0.7301634377213985,0.21975819766521454,16.530668258666992,2.8247200778435224,1.1218149276258038
18,21.286040802624058,0.8815517256279964,0.1543484926223755,27.921890258789062,5.330917934314673,18.316019732305712,0.8042160453214805,0.17662568390369415,20.42689323425293,4.041861710196807,2.2283922316514992
19,16.738062750442054,0.886262449658583,0.08239804208278656,24.087154388427734,10.241237462425179,20.15839493669985,0.8323525608878345,0.0839807316660881,30.15183448791504,9.247354513156488,1.5876934058158658
20,11.901516359348767,0.6641361746574198,0.623553454875946,13.954207420349121,2.7637154993866266,25.88001092905442,0.8960845325021684,0.09655794501304626,19.110483169555664,2.500669967056821,-5.811110370286336
21,18.62959008400988,0.811567900786847,0.23278997838497162,27.307870864868164,7.160629916069761,14.462650810055159,0.6940414750626225,0.3380433917045593,16.9956111907959,2.9508061582562526,0.31414795686118113
22,15.353036133125261,0.6513091489962927,0.32382792234420776,23.190793991088867,5.986969292817262,20.675924723072878,0.777168316506719,0.1996980607509613,25.88334083557129,8.744638502095352,-2.599508623670621
23,15.847993402671898,0.8186684688148679,0.2446128875017166,24.730714797973633,9.611712726748562,15.35237634482221,0.8476365747143251,0.2551610469818115,30.624116897583008,7.004827712326722,-0.4847977642737037
24,16.829912346545232,0.8214294490725941,0.2016046941280365,20.37380027770996,5.106875556096556,14.974498036844338,0.7617593572307375,0.20289862155914307,19.813390731811523,5.189110957438711,0.14671600153888412
25,20.285419405766703,0.7572388857788527,0.30746155977249146,22.18617820739746,11.483592817604606,13.88946241656117,0.740343579674271,0.3049872815608978,16.92983627319336,4.367427853143826,-0.2610111649404368
26,17.875887325644463,0.6164344455116229,0.4505210220813751,23.61656379699707,7.49141672381177,15.553163415337766,0.8367671822895564,0.21984806656837463,29.009679794311523,6.395811891001973,-3.1907081592435667
27,21.505846793342766,0.7537698201323105,0.20158259570598602,24.658594131469727,8.89962943350362,13.579103440032736,0.6178984919445263,0.30760452151298523,18.440000534057617,5.23994108580758,0.8824034639226379
28,19.690137482331288,0.8369383178502995,0.17884525656700134,23.423063278198242,4.707819379068789,18.499554198258856,0.7376353591352297,0.1766645759344101,22.971752166748047,4.372144159043271,1.2364317919529164
29,21.09102502761396,0.9401524080303926,0.08982587605714798,25.200685501098633,7.995449754524951,17.899033424259628,0.8178272634812008,0.2633695900440216,16.163387298583984,3.8432613560851268,3.158540003323579
30,26.887222721130833,0.9626194526018964,0.12250775843858719,26.094621658325195,11.525982625672965,13.256595004072594,0.6371359949287558,0.3743160367012024,20.195512771606445,6.041492990879553,4.67162545578403
31,16.160883266935194,0.7575487942418366,0.1379963755607605,24.529165267944336,9.278608579891046,15.81356931075261,0.5502397519325082,0.28083908557891846,13.557403564453125,4.113494961508565,-0.050518572585313226
32,15.993743190532212,0.7138855003140563,0.3340938687324524,25.24639892578125,9.547896450820254,17.049495567209114,0.8602216658640257,0.1431308090686798,21.637306213378906,5.3499150899151875,-1.9990373372895571
33,20.414664333623406,0.9158060965549705,0.11597705632448196,28.16347885131836,9.455380083080094,24.666602777597937,0.9570979843288324,0.03482804819941521,31.399690628051758,7.8472231331522115,2.569550814278299
34,14.05457545469468,0.7308030009391614,0.24368512630462646,18.728740692138672,11.308390823747791,17.164486799053755,0.7710136119213185,0.4551098048686981,13.572834014892578,4.080930413976899,-1.6796614640832292
35,19.05572711548857,0.9233262902457483,0.14192438125610352,27.80536460876465,12.001984155230621,14.144791742796885,0.4657344919607184,0.3144577145576477,10.192277908325195,3.527396182286757,2.0525721541066444
36,19.932556833469118,0.683390145458937,0.20690840482711792,26.504077911376953,8.857636771060587,17.228598255799746,0.726177279009145,0.1331029087305069,27.075794219970703,8.30611892252983,-0.16014889728405568
37,25.728254069995565,0.9132561990138351,0.14553380012512207,25.112302780151367,10.261337523820394,20.201917705752304,0.9179100204696082,0.1506403386592865,30.932411193847656,8.802531770341146,3.772728569624663
38,12.95524898333836,0.8697191735039559,0.1933899223804474,18.184226989746094,6.7693140673572545,14.005276546160736,0.8720848673816922,0.1917361319065094,19.222808837890625,4.413440668030166,-0.4606994113418047
39,13.259215967428066,0.42625752571057945,0.6535106897354126,25.22121238708496,7.484154467883542,18.251832303317073,0.6773445549719669,0.1600969135761261,17.73798179626465,3.724472718740318,-7.598503092657886
40,13.913618363009796,0.6701858120783225,0.283031165599823,23.932567596435547,6.490478226428868,19.45865136611954,0.8945864048550858,0.08328274637460709,27.12649917602539,5.988822647319776,-2.5192958811265393
41,17.3939850144001,0.8198643668499539,0.14153696596622467,25.388935089111328,9.448137707721521,23.459894164663417,0.8919208695867314,0.09228035807609558,29.61150360107422,6.928951716243148,0.7634703588852866
42,15.734874025128311,0.7328368899553235,0.3032310903072357,23.469070434570312,9.495905776503243,23.500762579948947,0.9428538771358784,0.11455017328262329,30.97018814086914,6.554237130898892,-1.672934207642246
43,11.977257955339592,0.6401017709404654,0.4980199635028839,21.82781219482422,7.583576041117924,19.094021103591924,0.9207430180878932,0.06680982559919357,21.99823570251465,4.241231626003438,-4.992579019532513
44,18.877824886425106,0.7705201278347907,0.12714773416519165,31.48728370666504,9.558798902781817,29.746491200451302,0.9889305617041425,0.010330099612474442,29.069255828857422,7.240266706543551,0.8852574800051065
45,15.72478534205717,0.600617340471414,0.4186582863330841,15.363739013671875,6.9099850920539225,14.092307793145455,0.7239433988413223,0.3945213556289673,20.259910583496094,5.215139553327052,-3.656760439186543
46,13.73638252543659,0.45349308856335174,0.4287870228290558,21.355384826660156,7.028629021908364,16.209552559425827,0.8136627673065964,0.12899863719940186,25.692773818969727,4.145639821147087,-5.471531673917248
47,19.013339997000603,0.7244894271072134,0.2265576720237732,20.30058479309082,6.271677249157905,15.732814707598887,0.5063272194221324,0.3287743031978607,11.498956680297852,3.4804309133586884,-0.2352970081647994
48,19.185920466124653,0.8137493919650168,0.22397089004516602,22.99587059020996,8.817951797382685,15.64118229721162,0.782240870163673,0.33032330870628357,22.386905670166016,6.628812744472308,0.5540637990738762
49,19.627382646177285,0.9235244994837499,0.11710440367460251,28.253679275512695,8.62163831835292,33.00051903161869,0.9957923302829554,0.01386427041143179,30.558055877685547,6.587952569509846,2.4071084771766342
50,18.69790458739669,0.7629261648476587,0.3500562906265259,21.416744232177734,12.945697636944555,19.466660520734845,0.854617126740136,0.193178191781044,21.893566131591797,7.3566692736350054,-0.9870591482763692
51,19.85709266760576,0.8675137254226218,0.32584038376808167,24.33213233947754,5.816961250307966,19.791809100650596,0.9376783601439561,0.14193116128444672,24.15452766418457,3.667842743981892,0.3677385010700345
52,14.222751415596303,0.6342629929747242,0.3234235644340515,18.18648910522461,4.478831439477583,11.682513129301032,0.4678742365992155,0.4753987491130829,10.99093246459961,2.9834974395729628,-3.0441210625913833
53,24.031703245393516,0.9208490593243118,0.2335522323846817,16.5079402923584,4.900933671277615,21.001335434265176,0.9326316805941032,0.09385160356760025,20.90871810913086,4.614029663986254,2.673210049978132
54,18.181519803494975,0.9242414296847393,0.13096825778484344,23.674179077148438,13.61951360956109,24.83928016971535,0.9419503539412019,0.032322391867637634,28.748680114746094,10.943391600355604,1.9067824917000185
55,16.436669914919058,0.872939144738567,0.1690526157617569,25.680917739868164,14.13405360445994,15.927671803068105,0.6941214752704106,0.16684271395206451,17.687442779541016,5.78851135084909,0.7125181078711396
56,18.20068891027685,0.8664167867245044,0.18584410846233368,23.788105010986328,9.170178359950231,16.76242413497107,0.7867839284322802,0.1349976658821106,21.538646697998047,5.2190705821923835,1.0109139393792501
57,16.221471130962897,0.8544519710209654,0.3185141682624817,21.01937484741211,2.087542343018246,22.799626246821063,0.9193611805258981,0.2196330726146698,19.291812896728516,1.9846098182909406,-0.6771063514832039
58,14.81735938761678,0.8061905750088538,0.2692686915397644,21.77202796936035,8.001898295401427,16.987448820120793,0.8069720730063281,0.2822733521461487,29.226486206054688,7.2945162367180485,-1.0631915527269522
59,16.247017668920847,0.911597318512336,0.14555969834327698,22.514089584350586,11.16272521350736,27.02395933504619,0.9856765286965943,0.043508101254701614,26.083105087280273,7.425351309117344,1.1586748283905124
60,17.27912075441149,0.8271992381484138,0.29400306940078735,25.606956481933594,12.289952502020407,13.84419054896214,0.5665755616220811,0.27829283475875854,13.326004981994629,4.463663965895479,-0.41363185824340754
61,16.297226162238434,0.7961569032106558,0.22036756575107574,19.277233123779297,4.94326158797122,14.64585176794621,0.738906819122132,0.22094981372356415,17.984939575195312,4.310696473836546,-0.3519674437292064
62,19.369205204677694,0.4777955427181427,0.3887040615081787,21.95577621459961,6.106347721609419,21.457820847887056,0.8346272830202168,0.16538140177726746,22.372114181518555,2.8650134197073007,-3.4133791436640655
63,12.949194118034189,0.5556157192235378,0.49883460998535156,23.02825355529785,4.705129681903208,16.145189145942375,0.6522789506519988,0.12169893085956573,20.24384880065918,2.848362335645855,-5.415433527899511
64,19.683800293275876,0.9034636415125133,0.1036909967660904,24.763952255249023,11.884618427304321,19.411623953874205,0.8866580037545614,0.27741456031799316,23.14775276184082,7.954644550614033,2.3664109099022372
65,17.65796729148218,0.8236716784213605,0.3952321410179138,20.452434539794922,5.183455094042333,13.70605171581847,0.7676821898985726,0.18580549955368042,20.427730560302734,3.160772179032845,-1.1382248194906632
66,23.60852120980953,0.923733615548263,0.15807875990867615,23.567243576049805,6.4406343813857365,12.385324782964881,0.596344917096791,0.23618313670158386,14.13460922241211,3.792317755169668,3.176906171364643
67,22.489388654213045,0.8373218009640381,0.13169381022453308,27.106218338012695,6.389258583717462,16.764514774556904,0.751680729953942,0.22581562399864197,22.28561019897461,4.551967259183373,2.379912091761526
68,18.46742325555572,0.6115880253039142,0.3128373920917511,25.661081314086914,6.324985278002558,20.876340002547504,0.8718146744663097,0.13833585381507874,22.67875099182129,4.468548668313543,-1.9795728261408718
69,15.40333368759034,0.7330654441117673,0.4185034930706024,25.609405517578125,6.231414334203756,20.25158514337611,0.9077523720360153,0.050954632461071014,27.78546905517578,6.329552979879002,-2.6729819851539434
70,24.82782138498041,0.941483404447584,0.08454600721597672,25.514026641845703,7.517139902775488,22.088895422908013,0.9473741902149603,0.13817547261714935,24.66209602355957,6.533321629802619,4.235924056764408
71,22.65647687110265,0.9178775351614558,0.10232265293598175,22.612735748291016,9.120957189293275,17.18551716621985,0.7084737781571708,0.25281304121017456,21.30797004699707,5.603936014419537,3.309069745362397
72,20.795513145864742,0.8385017321804599,0.12542039155960083,22.50002098083496,7.805517088486125,15.17576988070691,0.7403180209392445,0.1449037492275238,14.912409782409668,3.732335347368357,1.9744449042326058
73,18.75404061428769,0.7083163510159031,0.2815432846546173,23.241348266601562,5.964152478521903,13.247538819945717,0.43434259506198775,0.5539068579673767,9.101850509643555,2.369099811760846,-0.8716947264336925
74,29.785805049317588,0.9510860845415277,0.08331131190061569,25.910486221313477,7.852118147587566,13.815980535688762,0.6652666052117792,0.2779223322868347,17.525760650634766,5.283530962804532,5.683146829320972
75,16.854506295205013,0.7522709449011936,0.24272722005844116,23.625288009643555,9.693551087186293,19.968257535054853,0.8097701440714221,0.1811305433511734,32.04076385498047,6.881206406980423,-0.7306000576757222
76,20.476304776112315,0.8160333048067958,0.13745558261871338,28.8914794921875,8.402686333815154,16.52142578362881,0.5700880394449709,0.21853655576705933,15.424095153808594,4.473377544298678,1.6101480080860031
77,21.303363137470175,0.9539819031345292,0.15647825598716736,24.151126861572266,10.712784733389256,19.293712153182444,0.8541131105823353,0.17410588264465332,15.521465301513672,5.118363411855354,2.80184336340768
78,21.34910689100279,0.7940640999682315,0.24576672911643982,25.80006217956543,6.403164430377745,17.184297839281314,0.8580078476011668,0.12851716578006744,24.353857040405273,5.118942297927739,0.8159821276030551
79,12.850228691447825,0.801273368999511,0.23761707544326782,20.63266372680664,8.525809233539233,10.552430711186211,0.5875849130951765,0.35448458790779114,9.542288780212402,2.7880547369585864,-1.3923384576436841
80,15.369986903829707,0.7221823711964248,0.31873592734336853,26.720027923583984,13.548725335447944,15.223874092354885,0.7692913778171432,0.2944280803203583,23.778085708618164,7.156094732335911,-1.9816745583900703
81,13.736990177471675,0.5070982742540401,0.45594722032546997,23.70999526977539,7.600851339702221,10.759828062735231,0.6103082143532096,0.3704718351364136,30.107723236083984,6.361432349507383,-5.252655556896798
82,26.18656093631703,0.9394140448486579,0.12402934581041336,23.524259567260742,6.619359282581997,16.623891745996765,0.7755466596453314,0.2996983826160431,15.336853981018066,3.357568041995716,4.279834579138921
83,21.553953102254994,0.8756126698385494,0.222988560795784,28.594213485717773,10.722475761370005,15.108238486479165,0.8199664295223646,0.3245863914489746,25.043710708618164,8.892617094528985,1.7114194924506974
84,15.801486386271584,0.7594884947311232,0.2760350704193115,13.678670883178711,5.4008409392566445,10.035402979880335,0.6597112596218867,0.4523668587207794,20.24741554260254,5.765022107813515,-1.2242887533960591
85,14.400630530916498,0.8180170140509624,0.22198233008384705,23.829914093017578,12.343376914386015,16.36004783808826,0.6799353176654533,0.22655552625656128,17.336469650268555,5.056319411694069,-0.7081929233446139
86,18.981616180665664,0.6508859171854043,0.2963186204433441,21.526458740234375,7.836580484388664,19.76753611190111,0.7956068429335815,0.10797876864671707,25.148412704467773,5.623283769983192,-1.3903140661608164
87,12.585261872255,0.8106822053796382,0.2521245777606964,20.340700149536133,6.178557853501257,8.812283166211092,0.630259834560836,0.3308441638946533,21.737152099609375,3.5174295795073958,-1.503598155961053
88,13.104327589161633,0.7877675730561823,0.2400180846452713,20.42026710510254,6.21746698837865,17.12737589625353,0.8279531528172722,0.16441255807876587,25.780622482299805,5.336745473053071,-1.450802540940182
89,14.59002468665008,0.8138055264372882,0.29923850297927856,21.161415100097656,8.131176770437449,16.367583911454304,0.8029800140434254,0.13848817348480225,10.47518539428711,3.1383827612818394,-1.300825694578461
90,11.873124829823027,0.41352008558150105,0.6334220170974731,18.59943962097168,3.9775745494205985,17.6995100912892,0.8413537892573227,0.17079608142375946,13.29372501373291,1.418635272914641,-7.922884887283891
91,14.5620234747017,0.7915589022283696,0.11896701157093048,22.40169906616211,4.812038339741333,16.115479068200006,0.7804099637753618,0.214426651597023,18.24807357788086,4.335002433723886,-0.06371759010657496
92,16.726674595461194,0.8548219239987495,0.21570515632629395,26.597822189331055,11.508368270432516,15.031902405126136,0.6833732783205383,0.19936464726924896,16.530330657958984,4.548734626119101,0.27691631909175385
93,26.50178079108214,0.9653502552081794,0.1052844226360321,24.94551658630371,11.05404055195872,18.40933658523555,0.8815390688305881,0.08992312848567963,28.22085189819336,7.755901479872455,4.7240963511322835
94,18.229553014827864,0.7239727965152879,0.3193216919898987,22.042808532714844,8.270333844895864,15.452093403698354,0.570566271857578,0.2073962390422821,13.033393859863281,3.2677623189522995,-1.1875305629164012
95,29.940899490342318,0.9393348048383765,0.1180667132139206,25.798721313476562,7.2509403486336925,15.047069108222423,0.7007684305999619,0.25563061237335205,27.066181182861328,5.870183591532618,5.35602518752194
96,18.049138290819425,0.6645115431054011,0.3089469075202942,22.217620849609375,6.3235584508563765,11.982036894974685,0.5465231183830086,0.3992500603199005,22.666908264160156,5.909156753349233,-1.6357137077689483
97,17.458783588791047,0.8587470976606024,0.20389650762081146,17.483306884765625,4.986300983255939,12.493066116316742,0.680180588421797,0.38042640686035156,18.955169677734375,3.626601533918397,0.6027649861608368
98,17.272598616112,0.8575075744396218,0.2489376813173294,20.839550018310547,6.072001021397922,14.612847703034692,0.7509367719746353,0.14957231283187866,21.80118751525879,6.0017919518197855,0.1857323828362191
99,18.066964618074227,0.8509613258495619,0.1762707531452179,23.435749053955078,8.352329947040072,21.72193614111443,0.9091433141258746,0.12331734597682953,29.96079444885254,7.421813281715771,0.9249493453176874
100,21.378161899868577,0.9307776839595773,0.0926227942109108,23.93510627746582,9.490040272276167,13.303365927188068,0.5832955188858607,0.26876455545425415,17.196762084960938,4.3947097153498085,3.1394044593550143
101,21.070872711710045,0.7941135943236497,0.3200438618659973,26.377582550048828,5.322520972118946,15.92238048692254,0.809874133130834,0.1734117865562439,23.24759864807129,2.7897632454367276,0.15308051020493918
102,15.818278331863162,0.6456484566670837,0.27525171637535095,25.5279598236084,9.433431033278978,20.639124516677366,0.9115966975959665,0.04445384815335274,30.846309661865234,8.543944453544857,-2.133783971925751
103,17.761758095812144,0.8577694932289232,0.24614304304122925,25.155750274658203,7.502439016522986,15.16890611927316,0.6583636817954709,0.16783744096755981,21.051422119140625,4.003625058083583,0.34409773533476945
104,21.459154442145202,0.9253403625696593,0.14143745601177216,24.604110717773438,7.411461567908892,17.593664923529456,0.806657329120941,0.16211643815040588,21.05016326904297,3.666569294499115,2.7318951350938177
105,17.11729277617095,0.7015351889454307,0.2364838719367981,15.509073257446289,4.51865189156114,14.176914411894657,0.659003544134821,0.5035243630409241,14.558228492736816,3.111678439036248,-1.019337405297189
106,15.235324173205862,0.7422671077461547,0.3546484410762787,21.42993927001953,7.966786470463924,20.861904048945902,0.847451647339251,0.11790040135383606,29.25592803955078,6.7467329274957635,-2.1400480788587792
107,19.505273887165192,0.8704501575872433,0.09319867193698883,26.332456588745117,6.976522633487147,24.32275588056433,0.9601965611516912,0.08208980411291122,28.658790588378906,8.845734464808466,2.1334803130664013
108,16.03881326817589,0.8139498345898395,0.17089086771011353,28.934707641601562,11.398643560143794,13.6544819261621,0.7168830288384429,0.12940441071987152,28.08502769470215,11.07720681357296,0.11199597898374103
109,23.407213745964725,0.9267045147804466,0.1597076952457428,21.100126266479492,8.455554830815903,16.594726588608612,0.8204958844455077,0.2218760997056961,18.824813842773438,5.73646771692328,3.132837137049843
110,20.597897513407183,0.7614224646661203,0.1722187101840973,27.053333282470703,6.866866259356728,14.557551428290477,0.552381499609156,0.3423615097999573,15.185356140136719,3.358415780513699,0.9272968296295465
111,18.929121493002064,0.8305645196851916,0.30266591906547546,35.4834098815918,13.315011983284379,18.081420038939047,0.8800694520027946,0.17216916382312775,31.04472541809082,11.100485964279327,-0.0023374106910794
112,17.370054210212086,0.7986874976652768,0.2899564206600189,24.827369689941406,9.93066695842577,14.955409892370673,0.6928729990609659,0.26513952016830444,19.88687515258789,5.773807002011877,-0.5872029448572603
113,18.476296647296984,0.8830010554549653,0.3033009469509125,24.56032943725586,6.601278455514198,15.188391389112322,0.8015625761393551,0.36754459142684937,29.14759063720703,4.742480320831376,0.2923478177989086
114,27.741032861755976,0.9420085929468208,0.1272488534450531,26.26531219482422,12.111330119600016,14.226979200718572,0.6593183058852389,0.18459099531173706,19.884992599487305,8.03518087592338,4.701714568775768
115,18.50228228026092,0.8534660709503118,0.16674605011940002,23.07045555114746,9.675519284270923,15.26043646277363,0.7548484490549473,0.2938978374004364,25.573448181152344,7.434742329528246,1.139864245205565
116,12.459414535285037,0.6501968091570757,0.4319498836994171,26.55138397216797,5.513349455164136,8.40074204730088,0.266257971843193,0.47243407368659973,19.699575424194336,7.4942157925748365,-4.256595890854022
117,19.753125414282483,0.8698529466580002,0.10918308049440384,23.984107971191406,5.3762679660202615,16.53428127337016,0.7776569086073524,0.11125467717647552,14.501052856445312,3.4690549449060923,2.070311194444489
118,20.6190906163878,0.8192735156688452,0.20413632690906525,23.87014389038086,11.005053186666355,20.247785027294583,0.8771968812114143,0.15518756210803986,24.39190673828125,8.404099430480994,1.1485463997772338
119,18.426593355214784,0.8874409724709197,0.07822276651859283,24.339054107666016,8.110528182720111,23.386814458240146,0.9620700121185534,0.08908605575561523,30.8715877532959,8.287462025981306,2.0933334454572323
120,18.636119639270618,0.9007861873329782,0.1410013884305954,25.85711669921875,12.70230342944005,17.882045549006566,0.7801868767342626,0.12357713282108307,20.50551986694336,6.258245631042425,1.7625637881413925
121,14.64575384615764,0.9004276991159679,0.159981369972229,21.249610900878906,7.660230217931857,13.397540157167352,0.7880676937330343,0.275010883808136,20.499225616455078,4.281472564067231,0.5152266694245675
122,12.601457842270811,0.5809688757306508,0.41392719745635986,21.56671905517578,7.242870454409953,26.61146882320148,0.9628023276792418,0.03558085486292839,24.64055061340332,3.74425591031092,-4.63485329913082
123,17.357943547541133,0.8857319136590437,0.4277229905128479,23.33414077758789,6.888026770629079,14.864003934260694,0.6869063047809046,0.29114267230033875,19.416784286499023,3.2611922146306185,-0.9755787923672679
124,13.494490631176907,0.658593233336202,0.5215321183204651,15.497843742370605,4.188724616162267,14.67672519294702,0.770649854469237,0.11069709062576294,7.1113600730896,1.4250823800107033,-4.612767564765516
125,22.06747403678041,0.9332963772493598,0.11876505613327026,25.80625343322754,9.092477432686774,12.233602087738529,0.5987716124781127,0.23746800422668457,18.609081268310547,4.58239027709953,3.1422304065479953
126,20.690993835919326,0.95198434690229,0.11921621859073639,25.181705474853516,10.49519800809019,15.213438635548183,0.7693761638862323,0.3576710820198059,14.213509559631348,4.626161594809869,2.9122098442599835
127,14.685770688577337,0.803226636062401,0.2954293489456177,25.416542053222656,8.838252900879416,10.804964132203438,0.7766687205066655,0.3048884868621826,30.407377243041992,7.9063346954927605,-1.3299831802825
128,16.733824498030625,0.7749108546458551,0.220748633146286,26.400714874267578,5.877829693448581,18.917384838006072,0.8665834528530051,0.12211199849843979,29.543807983398438,8.526131521375733,-0.40698681261103553
129,19.984253974019047,0.8842459448010036,0.213730588555336,27.44083023071289,11.79084461091075,19.53368864132964,0.8914924985457041,0.17504362761974335,25.017778396606445,9.534785924872232,1.4238498398356503
130,22.45853758029743,0.9303726605960451,0.15440699458122253,18.331193923950195,7.0883629831450365,11.080048081262195,0.5512832902144643,0.3394828736782074,12.79068374633789,4.0200363273355695,2.9441851487187325
131,21.747314828974176,0.6732446741239736,0.33453473448753357,24.81389617919922,8.2204477927239,15.324332931625422,0.7715509634902809,0.1286662518978119,16.42966651916504,4.0211147324420855,-0.7530207079475684
132,20.560919097579507,0.8579345182296829,0.2163698375225067,21.72389793395996,4.349504299580888,16.788458831315232,0.7520499495958823,0.3757171034812927,19.78038787841797,2.885923665207446,1.3484522565619663
133,16.494687769263503,0.5285514928323477,0.2876402735710144,36.24220275878906,8.965542250469218,24.02066711316346,0.9531934699017408,0.053100164979696274,42.79380798339844,6.424850195752788,-2.992787408407911
